/*
SQLyog Ultimate v11.11 (64 bit)
MySQL - 5.5.42-37.1 : Database - yasir_collegedemo
*********************************************************************
*/

/*!40101 SET NAMES utf8 */;

/*!40101 SET SQL_MODE=''*/;

/*!40014 SET @OLD_UNIQUE_CHECKS=@@UNIQUE_CHECKS, UNIQUE_CHECKS=0 */;
/*!40014 SET @OLD_FOREIGN_KEY_CHECKS=@@FOREIGN_KEY_CHECKS, FOREIGN_KEY_CHECKS=0 */;
/*!40101 SET @OLD_SQL_MODE=@@SQL_MODE, SQL_MODE='NO_AUTO_VALUE_ON_ZERO' */;
/*!40111 SET @OLD_SQL_NOTES=@@SQL_NOTES, SQL_NOTES=0 */;
CREATE DATABASE /*!32312 IF NOT EXISTS*/`yasir_collegedemo` /*!40100 DEFAULT CHARACTER SET utf8 COLLATE utf8_unicode_ci */;

USE `yasir_collegedemo`;

/*Table structure for table `box_detail` */

DROP TABLE IF EXISTS `box_detail`;

CREATE TABLE `box_detail` (
  `box_id` int(11) NOT NULL AUTO_INCREMENT,
  `frame_id` int(11) NOT NULL,
  `box_x` int(11) DEFAULT NULL,
  `box_y` int(11) DEFAULT NULL,
  `box_position_x` int(11) DEFAULT NULL,
  `box_position_y` int(11) NOT NULL,
  `box_width` int(11) NOT NULL,
  `box_height` int(11) NOT NULL,
  PRIMARY KEY (`box_id`)
) ENGINE=InnoDB AUTO_INCREMENT=724 DEFAULT CHARSET=latin1;

/*Data for the table `box_detail` */

insert  into `box_detail`(`box_id`,`frame_id`,`box_x`,`box_y`,`box_position_x`,`box_position_y`,`box_width`,`box_height`) values ('1','1','608','1210','0','0','1737','1737'),('2','1','2495','605','0','0','2920','2329'),('3','1','5560','605','0','0','1737','1737'),('4','2','475','470','0','0','3550','2360'),('5','2','475','2955','0','0','3550','2360'),('6','2','475','5433','0','0','3550','2360'),('7','3','465','470','0','0','2370','3575'),('8','3','2950','470','0','0','2370','3575'),('9','3','5430','470','0','0','2370','3575'),('10','4','470','475','0','0','2365','2360'),('11','4','2950','475','0','0','2365','2360'),('12','4','475','2955','0','0','2360','2360'),('13','4','2955','2955','0','0','2360','2360'),('14','5','350','465','0','0','2700','1730'),('15','5','350','2300','0','0','2700','1730'),('16','5','350','4117','0','0','2700','1730'),('17','5','350','5950','0','0','2700','1730'),('18','6','470','470','0','0','5380','2500'),('19','6','470','3070','0','0','1720','2500'),('20','6','2300','3070','0','0','1720','2500'),('21','6','4130','3070','0','0','1720','2500'),('22','7','470','470','0','0','2500','2500'),('23','7','3060','470','0','0','1200','2500'),('24','7','470','3070','0','0','2500','1180'),('25','7','3060','3070','0','0','1200','1180'),('26','8','470','470','0','0','3550','2370'),('27','8','470','2950','0','0','1720','1070'),('28','8','2300','2950','0','0','1720','1070'),('29','9','470','470','0','0','2366','3550'),('30','9','2950','470','0','0','2570','1716'),('31','9','2950','2300','0','0','2570','1716'),('32','10','470','470','0','0','2364','1544'),('33','10','2960','470','0','0','2364','1544'),('34','10','5430','470','0','0','2364','1544'),('35','11','470','470','0','0','2364','2364'),('36','11','2950','470','0','0','2364','2364'),('37','11','5440','470','0','0','2364','2364'),('38','12','470','470','0','0','2245','3430'),('39','12','2835','470','0','0','1595','1065'),('40','12','2835','1650','0','0','1595','1065'),('41','12','2835','2835','0','0','1595','1065'),('42','13','470','470','0','0','1715','2480'),('43','13','2300','470','0','0','1715','2480'),('44','13','4130','470','0','0','1715','2480'),('45','13','5960','470','0','0','1715','2480'),('46','14','470','464','0','0','2370','3550'),('47','14','2950','464','0','0','2360','3550'),('48','14','470','4140','0','0','2360','3550'),('49','14','2950','4140','0','0','2360','3550'),('50','15','470','470','0','0','3546','2480'),('51','15','4134','470','0','0','1710','2480'),('52','15','470','3070','0','0','1710','2480'),('53','15','2300','3070','0','0','3546','2480'),('54','16','470','470','0','0','2630','2480'),('55','16','3220','470','0','0','2630','2480'),('56','16','470','3070','0','0','1716','2480'),('57','16','2300','3070','0','0','1716','2480'),('58','16','4124','3070','0','0','1716','2480'),('59','17','470','470','0','0','2365','2365'),('60','17','2950','470','0','0','2365','2365'),('61','17','470','2950','0','0','2365','2365'),('62','17','2950','2950','0','0','2365','2365'),('63','18','470','470','0','0','2480','3550'),('64','18','3070','470','0','0','2480','1720'),('65','18','3070','2300','0','0','2480','1720'),('66','18','470','4130','0','0','2480','1720'),('67','18','3070','4130','0','0','2480','1720'),('68','19','470','470','0','0','1720','2480'),('69','19','2300','470','0','0','1720','2480'),('70','19','4130','470','0','0','1720','2480'),('71','19','5960','470','0','0','1720','2480'),('72','19','7795','470','0','0','1720','2480'),('73','20','470','470','0','0','2480','1720'),('74','20','470','2300','0','0','2480','1720'),('75','20','470','4130','0','0','2480','1720'),('76','20','470','5964','0','0','2480','1720'),('77','20','470','7796','0','0','2480','1720'),('78','21','470','470','0','0','2483','1720'),('79','21','3060','470','0','0','2483','1720'),('80','21','470','2300','0','0','2483','1720'),('81','21','3060','2300','0','0','2483','1720'),('82','21','470','4130','0','0','2483','1720'),('83','21','3060','4130','0','0','2483','1720'),('84','22','470','470','0','0','2480','2480'),('85','22','3070','470','0','0','1180','2480'),('86','22','470','3070','0','0','1180','1180'),('87','22','1770','3070','0','0','1180','1180'),('88','22','3070','3070','0','0','1180','1180'),('89','23','470','470','0','0','3430','2245'),('90','23','470','2835','0','0','1065','1655'),('91','23','1650','2835','0','0','1065','1655'),('92','23','2835','2835','0','0','1065','1655'),('93','23','470','4605','0','0','1655','1655'),('94','23','2245','4605','0','0','1655','1655'),('95','24','470','470','0','0','2250','3430'),('96','24','2835','470','0','0','1655','1100'),('97','24','2835','1655','0','0','1655','1070'),('98','24','2835','2830','0','0','1655','1070'),('99','24','4600','470','0','0','1665','1665'),('100','24','4600','2240','0','0','1665','1665'),('101','25','470','470','0','0','1065','1655'),('102','25','1655','470','0','0','1065','1655'),('103','25','2835','470','0','0','1065','1655'),('104','25','470','2240','0','0','3430','2250'),('105','25','470','4600','0','0','1665','1665'),('106','25','2240','4600','0','0','1665','1665'),('107','26','470','470','0','0','1665','1070'),('108','26','470','1650','0','0','1665','1070'),('109','26','470','2830','0','0','1665','1070'),('110','26','2240','470','0','0','2250','3430'),('111','26','4600','470','0','0','1665','1665'),('112','26','4600','2240','0','0','1665','1665'),('113','27','470','470','0','0','1715','2480'),('114','27','2300','470','0','0','1715','2480'),('115','27','4130','470','0','0','1715','2480'),('116','27','470','3070','0','0','1715','2480'),('117','27','2300','3070','0','0','1715','2480'),('118','27','4130','3070','0','0','1715','2480'),('119','28','470','470','0','0','2480','2480'),('120','28','3070','470','0','0','1180','1180'),('121','28','3070','1770','0','0','1180','1180'),('122','28','470','3070','0','0','1180','1180'),('123','28','1770','3070','0','0','1180','1180'),('124','28','3070','3070','0','0','1180','1180'),('125','29','470','470','0','0','3550','2380'),('126','29','4120','470','0','0','2380','2380'),('127','29','470','2950','0','0','2380','1720'),('128','29','470','4780','0','0','2380','1720'),('129','29','2950','2950','0','0','3550','3550'),('130','29','470','6600','0','0','2380','2380'),('131','29','2950','6600','0','0','3550','2380'),('132','30','470','470','0','0','2364','3540'),('133','30','470','4130','0','0','2364','2364'),('134','30','2950','470','0','0','3540','3540'),('135','30','2950','4130','0','0','1716','2360'),('136','30','4780','4130','0','0','1716','2360'),('137','30','6610','470','0','0','2364','2364'),('138','30','6610','2950','0','0','2364','3540'),('139','31','470','470','0','0','1065','1660'),('140','31','1650','470','0','0','1065','1660'),('141','31','2835','470','0','0','1065','1660'),('142','31','470','2245','0','0','3430','2245'),('143','31','470','4600','0','0','1065','1660'),('144','31','1650','4600','0','0','1065','1660'),('145','31','2835','4600','0','0','1065','1660'),('146','32','470','470','0','0','1660','1065'),('147','32','470','1650','0','0','1660','1065'),('148','32','470','2835','0','0','1660','1065'),('149','32','2245','470','0','0','2245','3430'),('150','32','4600','470','0','0','1660','1065'),('151','32','4600','1650','0','0','1660','1065'),('152','32','4600','2835','0','0','1660','1065'),('153','33','470','470','0','0','2365','3665'),('154','33','470','4255','0','0','2365','1770'),('155','33','2950','470','0','0','1185','1770'),('156','33','2950','2365','0','0','1185','1770'),('157','33','2950','4255','0','0','1185','1770'),('158','33','4255','470','0','0','2365','1770'),('159','33','4255','2365','0','0','2365','3665'),('160','34','470','470','0','0','3665','2365'),('161','34','4255','470','0','0','1770','2365'),('162','34','470','2950','0','0','1770','1185'),('163','34','2365','2950','0','0','1770','1185'),('164','34','4255','2950','0','0','1770','1185'),('165','34','470','4255','0','0','1770','2365'),('166','34','2365','4255','0','0','3665','2365'),('167','35','470','470','0','0','1660','1660'),('168','35','2240','470','0','0','1660','1660'),('169','35','470','2240','0','0','1080','1080'),('170','35','1650','2240','0','0','1080','1080'),('171','35','2820','2240','0','0','1080','1080'),('172','35','470','3420','0','0','1660','1660'),('173','35','2240','3420','0','0','1660','1660'),('174','36','470','470','0','0','1660','1660'),('175','36','470','2240','0','0','1660','1660'),('176','36','2240','470','0','0','1070','1070'),('177','36','2240','1650','0','0','1070','1070'),('178','36','2240','2830','0','0','1070','1070'),('179','36','3420','470','0','0','1660','1660'),('180','36','3420','2240','0','0','1660','1660'),('181','37','470','470','0','0','2364','3660'),('182','37','470','4255','0','0','2364','1780'),('183','37','2950','470','0','0','1184','1780'),('184','37','2950','2364','0','0','1184','1780'),('185','37','2950','4255','0','0','1184','1780'),('186','37','4255','470','0','0','2364','1780'),('187','37','4255','2364','0','0','2364','1780'),('188','37','4255','4255','0','0','2364','1780'),('189','38','470','470','0','0','1780','2365'),('190','38','2365','470','0','0','3660','2365'),('191','38','470','2950','0','0','1780','1180'),('192','38','2365','2950','0','0','1780','1180'),('193','38','4255','2950','0','0','1780','1180'),('194','38','470','4255','0','0','1780','2365'),('195','38','2365','4255','0','0','1780','2365'),('196','38','4255','4255','0','0','1780','2365'),('197','39','470','470','0','0','2365','1780'),('198','39','470','2365','0','0','2365','1780'),('199','39','470','4255','0','0','2365','1780'),('200','39','2950','470','0','0','1180','1780'),('201','39','2950','2365','0','0','1180','1780'),('202','39','2950','4255','0','0','1180','1780'),('203','39','4255','470','0','0','2365','1780'),('204','39','4255','2365','0','0','2365','1780'),('205','39','4255','4255','0','0','2365','1780'),('206','40','470','470','0','0','3550','2365'),('207','40','4130','470','0','0','2365','2365'),('208','40','470','2950','0','0','1080','1720'),('209','40','470','4780','0','0','1080','1720'),('210','40','1655','2950','0','0','2365','3550'),('211','40','4130','2950','0','0','2365','1720'),('212','40','4130','4780','0','0','2365','1720'),('213','40','470','6610','0','0','2365','2365'),('214','40','2950','6610','0','0','3550','2365'),('215','41','470','470','0','0','2360','3550'),('216','41','470','4130','0','0','2360','2360'),('217','41','2950','470','0','0','1720','1070'),('218','41','4780','470','0','0','1720','1070'),('219','41','2950','1655','0','0','3550','2360'),('220','41','2950','4130','0','0','1720','2360'),('221','41','4780','4130','0','0','1720','2360'),('222','41','6610','470','0','0','2360','2360'),('223','41','6610','2950','0','0','2360','3540'),('224','42','470','470','0','0','1780','2360'),('225','42','2360','470','0','0','1780','2360'),('226','42','4255','470','0','0','1780','2360'),('227','42','470','2950','0','0','1780','1180'),('228','42','2360','2950','0','0','1780','1180'),('229','42','4255','2950','0','0','1780','1180'),('230','42','470','4255','0','0','1780','2360'),('231','42','2360','4255','0','0','1780','2360'),('232','42','4255','4255','0','0','1780','2360'),('233','43','470','470','0','0','1780','1780'),('234','43','2360','470','0','0','1780','1780'),('235','43','4255','470','0','0','1780','1780'),('236','43','470','2360','0','0','1780','1780'),('237','43','2360','2360','0','0','1780','1780'),('238','43','4255','2360','0','0','1780','1780'),('239','43','470','4255','0','0','1780','1780'),('240','43','2360','4255','0','0','1780','1780'),('241','43','4255','4255','0','0','1780','1780'),('242','44','470','470','0','0','2365','1780'),('243','44','2950','470','0','0','1180','1780'),('244','44','4255','470','0','0','2365','1780'),('245','44','470','2365','0','0','2365','1780'),('246','44','2950','2365','0','0','1180','1780'),('247','44','4255','2365','0','0','2365','1780'),('248','44','470','4255','0','0','2365','1780'),('249','44','2950','4255','0','0','1180','1780'),('250','44','4255','4255','0','0','2365','1780'),('251','45','470','470','0','0','2480','1770'),('252','45','3070','470','0','0','1180','1770'),('253','45','470','2360','0','0','1180','1770'),('254','45','1780','2360','0','0','1180','1770'),('255','45','3070','2360','0','0','1180','1770'),('256','45','470','4255','0','0','1180','1770'),('257','45','1780','4255','0','0','1180','1770'),('258','45','3070','4255','0','0','1180','1770'),('259','45','470','6140','0','0','1180','1770'),('260','45','1780','6140','0','0','2480','1770'),('261','46','470','470','0','0','2360','2360'),('262','46','2950','470','0','0','3540','2360'),('263','46','470','2950','0','0','2360','1720'),('264','46','2950','2950','0','0','1050','1720'),('265','46','4130','2950','0','0','2360','1720'),('266','46','470','4780','0','0','2360','1720'),('267','46','2950','4780','0','0','1050','1720'),('268','46','4130','4780','0','0','2360','1720'),('269','46','470','6610','0','0','3540','2480'),('270','46','4130','6610','0','0','2480','2480'),('271','47','470','470','0','0','1780','1180'),('272','47','2360','470','0','0','1780','1180'),('273','47','470','1780','0','0','1780','1180'),('274','47','2360','1780','0','0','1780','1180'),('275','47','470','3070','0','0','1780','2360'),('276','47','2360','3070','0','0','1780','2360'),('277','47','470','5550','0','0','1780','1180'),('278','47','2360','5550','0','0','1780','1180'),('279','47','470','6850','0','0','1780','1180'),('280','47','2360','6850','0','0','1780','1180'),('281','48','470','470','0','0','2360','3550'),('282','48','470','4130','0','0','2360','2360'),('283','48','2950','470','0','0','1720','2360'),('284','48','2950','2950','0','0','1720','1070'),('285','48','2950','4130','0','0','1720','2360'),('286','48','4780','470','0','0','1720','2360'),('287','48','4780','2950','0','0','1720','1070'),('288','48','4780','4130','0','0','1720','2360'),('289','48','6610','470','0','0','2365','2360'),('290','48','6610','2950','0','0','2365','3550'),('291','49','470','470','0','0','1780','1188'),('292','49','470','1780','0','0','1780','2480'),('293','49','2350','470','0','0','1780','1188'),('294','49','2350','1780','0','0','1780','1188'),('295','49','2350','3080','0','0','1780','1188'),('296','49','4260','470','0','0','1780','1188'),('297','49','4260','1780','0','0','1780','1188'),('298','49','4260','3080','0','0','1780','1188'),('299','49','6140','470','0','0','1780','2480'),('300','49','6140','3080','0','0','1780','1188'),('301','50','470','470','0','0','1180','1780'),('302','50','1770','470','0','0','1180','1780'),('303','50','3070','470','0','0','2360','1780'),('304','50','5550','470','0','0','1180','1780'),('305','50','6850','470','0','0','1180','1780'),('306','50','470','2360','0','0','1180','1780'),('307','50','1770','2360','0','0','1180','1780'),('308','50','3070','2360','0','0','2360','1780'),('309','50','5550','2360','0','0','1180','1780'),('310','50','6850','2360','0','0','1180','1780'),('311','51','470','470','0','0','2365','1180'),('312','51','2950','470','0','0','1180','1180'),('313','51','470','1770','0','0','2365','1180'),('314','51','2950','1770','0','0','1180','1180'),('315','51','470','3070','0','0','1780','2365'),('316','51','2365','3070','0','0','1780','2365'),('317','51','470','5550','0','0','1180','1180'),('318','51','1770','5550','0','0','2365','1180'),('319','51','470','6850','0','0','1180','1180'),('320','51','1770','6850','0','0','2365','1180'),('321','52','470','470','0','0','1180','1180'),('322','52','470','1770','0','0','1180','2365'),('323','52','1770','470','0','0','1180','1180'),('324','52','1770','1770','0','0','1180','2365'),('325','52','3070','470','0','0','2365','1780'),('326','52','3070','2365','0','0','2365','1780'),('327','52','5550','470','0','0','1180','2365'),('328','52','5550','2950','0','0','1180','1180'),('329','52','6850','470','0','0','1180','2365'),('330','52','6850','2950','0','0','1180','1180'),('331','53','470','470','0','0','1780','1180'),('332','53','2360','470','0','0','1780','1180'),('333','53','470','1770','0','0','840','1180'),('334','53','1420','1770','0','0','820','1180'),('335','53','2360','1770','0','0','1780','1180'),('336','53','470','3070','0','0','1780','2360'),('337','53','2360','3070','0','0','1780','2360'),('338','53','470','5550','0','0','1780','1180'),('339','53','2360','5550','0','0','850','1180'),('340','53','3300','5550','0','0','850','1180'),('341','53','470','6850','0','0','1780','1180'),('342','53','2360','6850','0','0','1780','1180'),('343','54','470','470','0','0','1180','1780'),('344','54','1770','470','0','0','1180','1780'),('345','54','3070','470','0','0','2360','1780'),('346','54','5550','470','0','0','1180','850'),('347','54','5550','1400','0','0','1180','850'),('348','54','6850','470','0','0','1180','1780'),('349','54','470','2360','0','0','1180','1780'),('350','54','1770','2360','0','0','1180','850'),('351','54','1770','3300','0','0','1180','850'),('352','54','3070','2360','0','0','2360','1780'),('353','54','5550','2360','0','0','1180','1780'),('354','54','6850','2360','0','0','1180','1780'),('355','55','470','470','0','0','1180','1780'),('356','55','1770','470','0','0','1180','1780'),('357','55','3080','470','0','0','1180','1780'),('358','55','470','2370','0','0','1180','1780'),('359','55','1770','2370','0','0','1180','1780'),('360','55','3080','2370','0','0','1180','1780'),('361','55','470','4240','0','0','1180','1780'),('362','55','1770','4240','0','0','1180','1780'),('363','55','3080','4240','0','0','1180','1780'),('364','55','470','6140','0','0','1180','1780'),('365','55','1770','6140','0','0','1180','1780'),('366','55','3080','6140','0','0','1180','1780'),('367','56','470','470','0','0','2370','1780'),('368','56','2955','470','0','0','1180','1780'),('369','56','4255','470','0','0','2370','1780'),('370','56','470','2360','0','0','1130','1780'),('371','56','1715','2360','0','0','1130','1780'),('372','56','2955','2360','0','0','1180','1780'),('373','56','4255','2360','0','0','1130','1780'),('374','56','5490','2360','0','0','1130','1780'),('375','56','470','4240','0','0','2370','1780'),('376','56','2955','4240','0','0','1180','1780'),('377','56','4255','4240','0','0','2370','1780'),('378','57','470','470','0','0','1780','2370'),('379','57','470','2955','0','0','1780','1180'),('380','57','470','4255','0','0','1780','2370'),('381','57','2370','470','0','0','1780','1130'),('382','57','2370','1715','0','0','1780','1130'),('383','57','2370','2955','0','0','1780','1180'),('384','57','2370','4255','0','0','1780','1130'),('385','57','2370','5500','0','0','1780','1130'),('386','57','4255','470','0','0','1780','2370'),('387','57','4255','2955','0','0','1780','1180'),('388','57','4255','4255','0','0','1780','2370'),('389','58','470','470','0','0','1780','3660'),('390','58','470','4255','0','0','1780','1780'),('391','58','470','6140','0','0','1780','1780'),('392','58','2370','470','0','0','1780','1780'),('393','58','4255','470','0','0','1780','1780'),('394','58','2370','2370','0','0','3680','3680'),('395','58','2370','6140','0','0','1780','1780'),('396','58','4255','6140','0','0','1780','1780'),('397','58','6140','470','0','0','1780','1780'),('398','58','6140','2370','0','0','1780','1780'),('399','58','6140','4255','0','0','1780','3660'),('400','59','470','470','0','0','1780','1780'),('401','59','470','2370','0','0','1780','1780'),('402','59','470','4255','0','0','1780','1780'),('403','59','470','6140','0','0','1780','1780'),('404','59','2370','470','0','0','1780','1780'),('405','59','4255','470','0','0','1780','1780'),('406','59','2370','2370','0','0','3680','3680'),('407','59','2370','6140','0','0','1780','1780'),('408','59','4255','6140','0','0','1780','1780'),('409','59','6140','470','0','0','1780','1780'),('410','59','6140','2370','0','0','1780','1780'),('411','59','6140','4255','0','0','1780','1780'),('412','59','6140','6140','0','0','1780','1780'),('413','60','270','270','0','0','1200','1200'),('414','60','270','1580','0','0','1200','1200'),('415','60','270','2885','0','0','1200','1200'),('416','60','270','4200','0','0','1200','1200'),('417','60','1580','270','0','0','1200','1200'),('418','60','2885','270','0','0','1200','1200'),('419','60','1580','1580','0','0','2510','2510'),('420','60','1580','4200','0','0','1200','1200'),('421','60','2885','4200','0','0','1200','1200'),('422','60','4200','270','0','0','1200','1200'),('423','60','4200','1580','0','0','1200','1200'),('424','60','4200','2885','0','0','1200','1200'),('425','60','4200','4200','0','0','1200','1200'),('426','61','470','470','0','0','1195','1780'),('427','61','470','2360','0','0','1195','840'),('428','61','470','3300','0','0','1195','840'),('429','61','1780','470','0','0','1195','1780'),('430','61','1780','2360','0','0','1195','840'),('431','61','1780','3300','0','0','1195','840'),('432','61','3075','470','0','0','2360','1780'),('433','61','3075','2360','0','0','2360','1780'),('434','61','5540','470','0','0','1195','840'),('435','61','5540','1420','0','0','1195','840'),('436','61','5540','2360','0','0','1195','1780'),('437','61','6840','470','0','0','1195','840'),('438','61','6840','1420','0','0','1195','840'),('439','61','6840','2360','0','0','1195','1780'),('440','62','470','470','0','0','1780','1200'),('441','62','2360','470','0','0','840','1200'),('442','62','3300','470','0','0','840','1200'),('443','62','470','1770','0','0','1780','1200'),('444','62','2360','1770','0','0','840','1200'),('445','62','3300','1770','0','0','840','1200'),('446','62','470','3075','0','0','1780','2370'),('447','62','2360','3075','0','0','1780','2370'),('448','62','470','5540','0','0','840','1200'),('449','62','1420','5540','0','0','840','1200'),('450','62','2360','5540','0','0','1780','1200'),('451','62','470','6840','0','0','840','1200'),('452','62','1420','6840','0','0','840','1200'),('453','62','2370','6840','0','0','1780','1200'),('454','63','470','470','0','0','1780','2370'),('455','63','470','2955','0','0','1780','2480'),('456','63','470','5550','0','0','1780','2370'),('457','63','2360','470','0','0','1780','1780'),('458','63','2360','2360','0','0','1780','1780'),('459','63','2360','4255','0','0','1780','1780'),('460','63','2360','6140','0','0','1780','1780'),('461','63','4255','470','0','0','2370','3660'),('462','63','4255','4255','0','0','2370','3660'),('463','63','6735','470','0','0','1780','1780'),('464','63','6735','2360','0','0','1780','1780'),('465','63','6735','4255','0','0','1780','1780'),('466','63','6735','6140','0','0','1780','1780'),('467','63','8620','470','0','0','1780','2370'),('468','63','8620','2955','0','0','1780','2480'),('469','63','8620','5550','0','0','1780','2370'),('470','64','360','360','0','0','1800','1350'),('471','64','2250','360','0','0','1900','1350'),('472','64','4230','360','0','0','1800','1350'),('473','64','360','1800','0','0','1350','1350'),('474','64','1800','1800','0','0','1350','1350'),('475','64','3240','1800','0','0','1350','1350'),('476','64','4680','1800','0','0','1350','1350'),('477','64','360','3240','0','0','2790','1800'),('478','64','3240','3240','0','0','2790','1800'),('479','64','360','5130','0','0','1350','1350'),('480','64','1800','5130','0','0','1350','1350'),('481','64','3240','5130','0','0','1350','1350'),('482','64','4680','5130','0','0','1350','1350'),('483','64','360','6570','0','0','1800','1350'),('484','64','2250','6570','0','0','1900','1350'),('485','64','4230','6570','0','0','1800','1350'),('486','65','470','470','0','0','1780','1200'),('487','65','470','1770','0','0','1780','1200'),('488','65','2360','470','0','0','1660','2490'),('489','65','4135','470','0','0','3540','2480'),('490','65','470','3075','0','0','3550','2360'),('491','65','4135','3075','0','0','1900','1130'),('492','65','6140','3075','0','0','1540','1130'),('493','65','4135','4300','0','0','1900','1130'),('494','65','6140','4300','0','0','1540','1130'),('495','65','470','5550','0','0','1780','1180'),('496','65','470','6840','0','0','1780','2370'),('497','65','2360','5550','0','0','3660','2370'),('498','65','2360','8030','0','0','1780','1180'),('499','65','4240','8030','0','0','1780','1180'),('500','65','6140','5560','0','0','1540','1770'),('501','65','6140','7440','0','0','1540','1770'),('502','66','470','470','0','0','1780','1780'),('503','66','2360','470','0','0','1780','1780'),('504','66','4255','470','0','0','1780','1780'),('505','66','6140','470','0','0','1780','1780'),('506','66','470','2360','0','0','1780','1780'),('507','66','2360','2360','0','0','1780','1780'),('508','66','4255','2360','0','0','1780','1780'),('509','66','6140','2360','0','0','1780','1780'),('510','66','470','4255','0','0','1780','1780'),('511','66','2360','4255','0','0','1780','1780'),('512','66','4255','4255','0','0','1780','1780'),('513','66','6140','4255','0','0','1780','1780'),('514','66','470','6140','0','0','1780','1780'),('515','66','2360','6140','0','0','1780','1780'),('516','66','4255','6140','0','0','1780','1780'),('517','66','6140','6140','0','0','1780','1780'),('518','67','360','360','0','0','1800','1350'),('519','67','2250','360','0','0','900','1350'),('520','67','3230','360','0','0','900','1350'),('521','67','4230','360','0','0','1800','1350'),('522','67','360','1800','0','0','1350','1350'),('523','67','1800','1800','0','0','1350','1350'),('524','67','3240','1800','0','0','1350','1350'),('525','67','4680','1800','0','0','1350','1350'),('526','67','360','3240','0','0','2790','1800'),('527','67','3240','3240','0','0','2790','1800'),('528','67','360','5130','0','0','1350','1350'),('529','67','1800','5130','0','0','1350','1350'),('530','67','3240','5130','0','0','1350','1350'),('531','67','4680','5130','0','0','1350','1350'),('532','67','360','6570','0','0','1800','1350'),('533','67','2250','6570','0','0','900','1350'),('534','67','3230','6570','0','0','900','1350'),('535','67','4230','6570','0','0','1800','1350'),('536','68','470','470','0','0','1780','1200'),('537','68','2360','470','0','0','1780','1200'),('538','68','4255','470','0','0','1780','1200'),('539','68','6140','470','0','0','1780','1200'),('540','68','8035','470','0','0','1780','1200'),('541','68','470','1760','0','0','1780','1200'),('542','68','2360','1760','0','0','1780','1200'),('543','68','4255','1760','0','0','1780','1200'),('544','68','6140','1760','0','0','1780','1200'),('545','68','8035','1760','0','0','1780','1200'),('546','68','470','3060','0','0','1780','1200'),('547','68','2360','3060','0','0','1780','1200'),('548','68','4255','3060','0','0','1780','1200'),('549','68','6140','3060','0','0','1780','1200'),('550','68','8035','3060','0','0','1780','1200'),('551','68','470','4360','0','0','1780','1200'),('552','68','2360','4360','0','0','1780','1200'),('553','68','4255','4360','0','0','1780','1200'),('554','68','6140','4360','0','0','1780','1200'),('555','68','8035','4360','0','0','1780','1200'),('556','69','470','470','0','0','1200','1200'),('557','69','1760','470','0','0','1200','1200'),('558','69','3075','470','0','0','1200','1200'),('559','69','4360','470','0','0','1200','1200'),('560','69','5640','470','0','0','1200','1200'),('561','69','470','1760','0','0','1200','1200'),('562','69','1760','1760','0','0','1200','1200'),('563','69','3075','1760','0','0','1200','1200'),('564','69','4360','1760','0','0','1200','1200'),('565','69','5640','1760','0','0','1200','1200'),('566','69','470','3060','0','0','1200','1200'),('567','69','1760','3060','0','0','1200','1200'),('568','69','3075','3060','0','0','1200','1200'),('569','69','4360','3060','0','0','1200','1200'),('570','69','5640','3060','0','0','1200','1200'),('571','69','470','4360','0','0','1200','1200'),('572','69','1760','4360','0','0','1200','1200'),('573','69','3075','4360','0','0','1200','1200'),('574','69','4360','4360','0','0','1200','1200'),('575','69','5640','4360','0','0','1200','1200'),('576','70','470','470','0','0','1200','1780'),('577','70','1760','470','0','0','1200','1780'),('578','70','3075','470','0','0','1200','1780'),('579','70','4360','470','0','0','1200','1780'),('580','70','470','2360','0','0','1200','1780'),('581','70','1760','2360','0','0','1200','1780'),('582','70','3075','2360','0','0','1200','1780'),('583','70','4360','2360','0','0','1200','1780'),('584','70','470','4255','0','0','1200','1780'),('585','70','1760','4255','0','0','1200','1780'),('586','70','3075','4255','0','0','1200','1780'),('587','70','4360','4255','0','0','1200','1780'),('588','70','470','6140','0','0','1200','1780'),('589','70','1760','6140','0','0','1200','1780'),('590','70','3075','6140','0','0','1200','1780'),('591','70','4360','6140','0','0','1200','1780'),('592','70','470','8035','0','0','1200','1780'),('593','70','1760','8035','0','0','1200','1780'),('594','70','3075','8035','0','0','1200','1780'),('595','70','4360','8035','0','0','1200','1780'),('596','71','360','360','0','0','1355','1800'),('597','71','360','2240','0','0','1355','920'),('598','71','360','3240','0','0','1355','920'),('599','71','360','4220','0','0','1355','1800'),('600','71','1800','360','0','0','1355','1355'),('601','71','1800','1800','0','0','1355','1355'),('602','71','1800','3240','0','0','1355','1355'),('603','71','1800','4680','0','0','1355','1355'),('604','71','3240','360','0','0','1800','2800'),('605','71','3240','3240','0','0','1800','2800'),('606','71','5120','360','0','0','1355','1355'),('607','71','5120','1800','0','0','1355','1355'),('608','71','5120','3240','0','0','1355','1355'),('609','71','5120','4680','0','0','1355','1355'),('610','71','6555','360','0','0','1355','1800'),('611','71','6555','2240','0','0','1355','920'),('612','71','6555','3240','0','0','1355','920'),('613','71','6555','4220','0','0','1355','1780'),('614','72','470','470','0','0','1200','1200'),('615','72','1780','470','0','0','1200','1200'),('616','72','3075','470','0','0','1200','1200'),('617','72','4360','470','0','0','1200','1200'),('618','72','5660','470','0','0','1200','1200'),('619','72','470','1780','0','0','1200','1200'),('620','72','1780','1780','0','0','1200','1200'),('621','72','3075','1780','0','0','1200','1200'),('622','72','4360','1780','0','0','1200','1200'),('623','72','5660','1780','0','0','1200','1200'),('624','72','470','3075','0','0','1200','1200'),('625','72','1780','3075','0','0','1200','1200'),('626','72','3075','3075','0','0','1200','1200'),('627','72','4360','3075','0','0','1200','1200'),('628','72','5660','3075','0','0','1200','1200'),('629','72','470','4360','0','0','1200','1200'),('630','72','1780','4360','0','0','1200','1200'),('631','72','3075','4360','0','0','1200','1200'),('632','72','4360','4360','0','0','1200','1200'),('633','72','5660','4360','0','0','1200','1200'),('634','72','470','5660','0','0','1200','1200'),('635','72','1780','5660','0','0','1200','1200'),('636','72','3075','5660','0','0','1200','1200'),('637','72','4360','5660','0','0','1200','1200'),('638','72','5660','5660','0','0','1200','1200'),('639','73','470','470','0','0','1200','1200'),('640','73','1770','470','0','0','1200','1200'),('641','73','3075','470','0','0','1200','1200'),('642','73','4360','470','0','0','1200','1200'),('643','73','470','1770','0','0','1200','1200'),('644','73','1770','1770','0','0','1200','1200'),('645','73','3075','1770','0','0','1200','1200'),('646','73','4360','1770','0','0','1200','1200'),('647','73','470','3075','0','0','1200','1200'),('648','73','1770','3075','0','0','1200','1200'),('649','73','3075','3075','0','0','1200','1200'),('650','73','4360','3075','0','0','1200','1200'),('651','73','470','4360','0','0','1200','1200'),('652','73','1770','4360','0','0','1200','1200'),('653','73','3075','4360','0','0','1200','1200'),('654','73','4360','4360','0','0','1200','1200'),('655','73','470','5660','0','0','1200','1200'),('656','73','1770','5660','0','0','1200','1200'),('657','73','3075','5660','0','0','1200','1200'),('658','73','4360','5660','0','0','1200','1200'),('659','74','470','475','0','0','2365','2360'),('660','74','2950','475','0','0','2365','2360'),('661','74','475','2955','0','0','2360','2360'),('662','75','2955','2955','0','0','2360','2360'),('663','75','470','475','0','0','2365','2360'),('664','75','2950','475','0','0','2365','2360'),('665','75','475','2955','0','0','2360','2360'),('666','75','2955','2955','0','0','2360','2360'),('667','76','470','475','0','0','2365','2360'),('668','76','2950','475','0','0','2365','2360'),('669','76','475','2955','0','0','2360','2360'),('670','76','2955','2955','0','0','2360','2360'),('671','77','470','475','0','0','2365','2360'),('672','77','2950','475','0','0','2365','2360'),('673','77','475','2955','0','0','2360','2360'),('674','77','2955','2955','0','0','2360','2360'),('675','78','470','475','0','0','2365','2360'),('676','78','2950','475','0','0','2365','2360'),('677','78','475','2955','0','0','2360','2360'),('678','78','2955','2955','0','0','2360','2360'),('679','79','470','475','0','0','2365','2360'),('680','79','2950','475','0','0','2365','2360'),('681','79','475','2955','0','0','2360','2360'),('682','79','2955','2955','0','0','2360','2360'),('683','80','470','475','0','0','2365','2360'),('684','80','2950','475','0','0','2365','2360'),('685','80','475','2955','0','0','2360','2360'),('686','80','2955','2955','0','0','2360','2360'),('687','81','470','475','0','0','2365','2360'),('688','81','2950','475','0','0','2365','2360'),('689','81','475','2955','0','0','2360','2360'),('690','81','2955','2955','0','0','2360','2360'),('691','82','470','475','0','0','2365','2360'),('692','82','2950','475','0','0','2365','2360'),('693','82','475','2955','0','0','2360','2360'),('694','82','2955','2955','0','0','2360','2360'),('695','83','460','460','0','0','1790','2380'),('696','83','4010','460','0','0','1790','2380'),('697','84','460','460','0','0','1790','2380'),('698','84','4010','475','0','0','1790','2380'),('699','85','460','460','0','0','1790','2380'),('700','85','4010','475','0','0','1790','2380'),('701','86','460','460','0','0','1790','2380'),('702','86','4010','475','0','0','1790','2380'),('703','87','460','460','0','0','1790','2380'),('704','87','4010','475','0','0','1790','2380'),('705','88','460','460','0','0','1790','2380'),('706','87','4010','475','0','0','1790','2380'),('707','89','460','460','0','0','1790','2380'),('708','89','4010','475','0','0','1790','2380'),('709','90','460','460','0','0','1790','2380'),('710','90','4010','475','0','0','1790','2380'),('711','91','460','460','0','0','1790','2380'),('712','91','4010','475','0','0','1790','2380'),('713','92','460','460','0','0','1790','2380'),('714','92','4010','475','0','0','1790','2380'),('715','93','460','460','0','0','1790','2380'),('716','93','4010','475','0','0','1790','2380'),('717','94','460','460','0','0','1790','2380'),('718','94','4010','475','0','0','1790','2380'),('719','95','2950','470','0','0','2380','2960'),('720','96','2950','470','0','0','2380','2960'),('721','97','608','1210','0','0','1737','1737'),('722','97','2495','605','0','0','2920','2329'),('723','97','5560','605','0','0','1737','1737');

/*Table structure for table `frame_temp` */

DROP TABLE IF EXISTS `frame_temp`;

CREATE TABLE `frame_temp` (
  `temp_id` int(11) NOT NULL AUTO_INCREMENT,
  `ip_address` varchar(255) NOT NULL,
  `image_name` varchar(255) NOT NULL,
  `web_browser` varchar(255) NOT NULL,
  `date` timestamp NOT NULL DEFAULT CURRENT_TIMESTAMP ON UPDATE CURRENT_TIMESTAMP,
  PRIMARY KEY (`temp_id`)
) ENGINE=InnoDB AUTO_INCREMENT=302 DEFAULT CHARSET=latin1;

/*Data for the table `frame_temp` */

insert  into `frame_temp`(`temp_id`,`ip_address`,`image_name`,`web_browser`,`date`) values ('4','39.55.194.105','1451662855-1450460541-test.jpeg','Mozilla Firefox','2016-01-01 09:40:55'),('5','39.55.194.105','1451663038-1450462224-084.jpg','Mozilla Firefox','2016-01-01 09:43:58'),('7','117.102.36.102','1451665714-Lighthouse.jpg','Mozilla Firefox','2016-01-01 10:28:34'),('8','117.102.36.102','1451665732-Koala.jpg','Mozilla Firefox','2016-01-01 10:28:52'),('10','39.34.152.46','1451666733-HD-backgrounds-24.jpg','Google Chrome','2016-01-01 10:45:33'),('11','39.34.152.46','1451666733-1427896590_colorful-nwe.jpg','Google Chrome','2016-01-01 10:45:33'),('12','39.34.152.46','1451666734-Cool_Summer_freecomputerdesktopwallpaper_1920.jpg','Google Chrome','2016-01-01 10:45:34'),('13','176.249.23.128','1451675147-order15425_7064__1_picture.jpg','Mozilla Firefox','2016-01-01 13:05:47'),('14','176.249.23.128','1451675482-order15430_7070__picture.jpg','Mozilla Firefox','2016-01-01 13:11:22'),('15','176.249.23.128','1451676010-1-10cmx15-1cm.jpeg','Unknown','2016-01-01 13:20:10'),('16','176.249.23.128','1451676093-267x200-1.jpeg','Unknown','2016-01-01 13:21:33'),('17','176.249.23.128','1451676114-2-100x151.jpeg','Unknown','2016-01-01 13:21:54'),('18','176.249.23.128','1451676166-to go with print and frame order.jpg','Unknown','2016-01-01 13:22:46'),('19','176.249.23.128','1451676215-600x400.JPG','Unknown','2016-01-01 13:23:35'),('20','90.194.186.198','1451758583-order15431_7071__picture.jpg','Mozilla Firefox','2016-01-02 12:16:23'),('21','77.44.17.81','1451923465-300x199.jpeg','Mozilla Firefox','2016-01-04 10:04:25'),('22','39.55.195.213','1451928378-1451899267-1451758583-order15431_7071__picture.jpg','Mozilla Firefox','2016-01-04 11:26:18'),('23','39.55.195.213','1451928398-1451899267-1451676166-to go with print and frame order.jpg','Mozilla Firefox','2016-01-04 11:26:38'),('24','39.55.195.213','1451928435-1451899267-1451676215-600x400.JPG','Mozilla Firefox','2016-01-04 11:27:15'),('25','103.228.156.243','1451935099-12144188_735923109874498_321147873_n.jpg','Google Chrome','2016-01-04 13:18:19'),('26','103.228.156.243','1451935125-11809888_1628878244037871_123213223_n.jpg','Google Chrome','2016-01-04 13:18:45'),('27','103.228.156.243','1451935169-superthumb.jpg','Google Chrome','2016-01-04 13:19:29'),('28','39.55.181.249','1451981682-267x200-1.jpeg','Mozilla Firefox','2016-01-05 02:14:42'),('29','39.55.181.249','1451981695-1450462374-GM5_3663.jpg','Mozilla Firefox','2016-01-05 02:14:55'),('30','39.55.181.249','1451981697-2-100x151.jpeg','Mozilla Firefox','2016-01-05 02:14:57'),('31','39.55.181.249','1451981701-1450513136-6-100x151.jpeg','Mozilla Firefox','2016-01-05 02:15:01'),('32','39.55.181.249','1451981764-1450460541-test.jpeg','Mozilla Firefox','2016-01-05 02:16:04'),('33','39.55.181.249','1451981849-1450462224-084.jpg','Mozilla Firefox','2016-01-05 02:17:29'),('34','77.44.17.81','1452017513-1-100x151.jpeg','Mozilla Firefox','2016-01-05 12:11:53'),('35','77.44.17.81','1452017748-400x267.jpeg','Mozilla Firefox','2016-01-05 12:15:48'),('36','182.189.43.89','1452094628-1451995196-1451561272-1451127879-3-157x157.jpeg','Mozilla Firefox','2016-01-06 09:37:08'),('37','182.189.43.89','1452094725-1451995196-1451895881-2-100x151.jpeg','Mozilla Firefox','2016-01-06 09:38:45'),('38','90.194.140.151','1452105568-order15425_7064__2_picture.jpg','Mozilla Firefox','2016-01-06 12:39:28'),('39','90.194.140.151','1452105727-order15425_7064__1_picture.jpg','Mozilla Firefox','2016-01-06 12:42:08'),('40','90.214.138.77','1452152231-2-100x151.jpeg','Unknown','2016-01-07 01:37:11'),('41','90.214.138.77','1452152832-order15472_7122__1_picture.jpg','Unknown','2016-01-07 01:47:12'),('42','90.214.138.77','1452152852-order15472_7122__2_picture.jpg','Unknown','2016-01-07 01:47:32'),('43','90.214.138.77','1452152880-order15472_7122__3_picture.jpg','Unknown','2016-01-07 01:48:00'),('44','90.214.138.77','1452152919-order15472_7122__4_picture.jpg','Unknown','2016-01-07 01:48:39'),('46','117.102.36.102','1452176469-1452152880-order15472_7122__3_picture.jpg','Google Chrome','2016-01-07 08:21:09'),('47','117.102.36.102','1452176602-1452152966-order15481_7133__picture.jpg','Mozilla Firefox','2016-01-07 08:23:22'),('48','117.102.36.102','1452178767-1452152832-order15472_7122__1_picture.jpg','Mozilla Firefox','2016-01-07 08:59:27'),('49','117.102.36.102','1452178768-1452152231-2-100x151.jpeg','Mozilla Firefox','2016-01-07 08:59:28'),('50','117.102.36.102','1452178770-1452152852-order15472_7122__2_picture.jpg','Mozilla Firefox','2016-01-07 08:59:30'),('51','117.102.36.102','1452178777-1452152919-order15472_7122__4_picture.jpg','Mozilla Firefox','2016-01-07 08:59:37'),('52','182.185.161.236','1452228041-535215_660227537453868_4733820417585357870_n.jpg','Google Chrome','2016-01-07 22:40:42'),('53','117.102.38.143','1452248778-1452152919-order15472_7122__4_picture.jpg','Mozilla Firefox','2016-01-08 04:26:19'),('54','117.102.38.143','1452248784-1452094628-1451995196-1451561272-1451127879-3-157x157.jpeg','Mozilla Firefox','2016-01-08 04:26:24'),('55','117.102.38.143','1452248795-1452152832-order15472_7122__1_picture.jpg','Mozilla Firefox','2016-01-08 04:26:35'),('56','117.102.38.143','1452248818-1452094725-1451995196-1451895881-2-100x151.jpeg','Mozilla Firefox','2016-01-08 04:26:58'),('57','117.102.38.143','1452248830-1452152880-order15472_7122__3_picture.jpg','Mozilla Firefox','2016-01-08 04:27:10'),('58','117.102.38.143','1452248860-1452152966-order15481_7133__picture.jpg','Mozilla Firefox','2016-01-08 04:27:40'),('59','39.59.8.24','1452253019-1452152832-order15472_7122__1_picture.jpg','Mozilla Firefox','2016-01-08 05:36:59'),('60','39.59.8.24','1452253049-1452152852-order15472_7122__2_picture.jpg','Mozilla Firefox','2016-01-08 05:37:29'),('61','39.59.8.24','1452253064-1452094725-1451995196-1451895881-2-100x151.jpeg','Mozilla Firefox','2016-01-08 05:37:44'),('62','39.59.8.24','1452253065-1452152919-order15472_7122__4_picture.jpg','Mozilla Firefox','2016-01-08 05:37:45'),('63','176.249.235.216','1452586011-3-100x151.jpeg','Google Chrome','2016-01-12 02:06:51'),('64','176.249.235.216','1452586090-1-10cmx15-1cm.jpeg','Google Chrome','2016-01-12 02:08:10'),('65','176.249.235.216','1452586129-3-100x151.jpeg','Google Chrome','2016-01-12 02:08:49'),('66','39.59.54.90','1452617067-2-100x151.jpeg','Mozilla Firefox','2016-01-12 10:44:27'),('67','39.59.54.90','1452617113-267x200-1.jpeg','Mozilla Firefox','2016-01-12 10:45:13'),('68','39.59.59.88','1452617425-2-100x151.jpeg','Mozilla Firefox','2016-01-12 10:50:25'),('69','176.252.94.48','1452634174-2-230x155.jpeg','Google Chrome','2016-01-12 15:29:34'),('70','176.252.94.48','1452634428-3-100x151.jpeg','Google Chrome','2016-01-12 15:33:48'),('71','39.59.46.60','1452698724-1450700958-Lighthouse.jpg','Mozilla Firefox','2016-01-13 09:25:24'),('72','39.59.46.60','1452698872-1450462374-GM5_3663.jpg','Mozilla Firefox','2016-01-13 09:27:52'),('73','39.59.46.60','1452698903-267x200-1.jpeg','Mozilla Firefox','2016-01-13 09:28:23'),('74','39.59.46.60','1452698968-1450684974-Desert.jpg','Mozilla Firefox','2016-01-13 09:29:28'),('75','39.59.46.60','1452699003-1450513136-6-100x151.jpeg','Mozilla Firefox','2016-01-13 09:30:03'),('76','39.59.46.60','1452699059-1450717694-Jellyfish.jpg','Mozilla Firefox','2016-01-13 09:30:59'),('77','39.59.46.60','1452699109-1450717690-Hydrangeas.jpg','Mozilla Firefox','2016-01-13 09:31:49'),('78','39.59.46.60','1452699170-1450527242-TEST IMAGE FOR MOHAMMAD.jpeg','Mozilla Firefox','2016-01-13 09:32:50'),('79','39.59.46.60','1452699262-2-100x151.jpeg','Mozilla Firefox','2016-01-13 09:34:22'),('80','39.59.46.60','1452699599-1450460541-test.jpeg','Mozilla Firefox','2016-01-13 09:39:59'),('81','176.250.102.198','1452725673-6-157x157.jpeg','Unknown','2016-01-13 16:54:33'),('82','182.189.74.43','1452787600-1450717690-Hydrangeas.jpg','Mozilla Firefox','2016-01-14 10:06:40'),('83','182.189.74.43','1452787605-1451127482-6-157x157.jpeg','Mozilla Firefox','2016-01-14 10:06:45'),('84','182.189.74.43','1452787616-1451127836-2-157x157.jpeg','Mozilla Firefox','2016-01-14 10:06:56'),('85','182.189.74.43','1452787617-1450700958-Lighthouse.jpg','Mozilla Firefox','2016-01-14 10:06:57'),('86','182.189.74.43','1452787627-1450717694-Jellyfish.jpg','Mozilla Firefox','2016-01-14 10:07:07'),('87','182.189.74.43','1452787638-1450730617-2-157x106.jpeg','Mozilla Firefox','2016-01-14 10:07:18'),('88','182.189.74.43','1452787643-1451127849-4-157x157.jpeg','Mozilla Firefox','2016-01-14 10:07:23'),('89','182.189.74.43','1452787651-1451127879-3-157x157.jpeg','Mozilla Firefox','2016-01-14 10:07:31'),('90','182.189.74.43','1452787695-1450684974-Desert.jpg','Mozilla Firefox','2016-01-14 10:08:15'),('91','182.189.74.43','1452787710-1450462374-GM5_3663.jpg','Mozilla Firefox','2016-01-14 10:08:30'),('92','182.189.74.43','1452787710-1450527242-TEST IMAGE FOR MOHAMMAD.jpeg','Mozilla Firefox','2016-01-14 10:08:30'),('93','182.189.74.43','1452787721-1451666734-Cool_Summer_freecomputerdesktopwallpaper_1920.jpg','Mozilla Firefox','2016-01-14 10:08:41'),('94','182.189.74.43','1452787746-267x200-1.jpeg','Mozilla Firefox','2016-01-14 10:09:06'),('95','182.189.74.43','1452787756-1450513136-6-100x151.jpeg','Mozilla Firefox','2016-01-14 10:09:16'),('96','182.189.74.43','1452787759-2-100x151.jpeg','Mozilla Firefox','2016-01-14 10:09:19'),('97','176.248.20.222','1452788939-1-165x115.jpg','Unknown','2016-01-14 10:28:59'),('98','176.248.20.222','1452788978-233x350.jpg','Unknown','2016-01-14 10:29:38'),('99','117.102.32.35','1452793863-2-100x151.jpeg','Mozilla Firefox','2016-01-14 11:51:03'),('100','90.214.114.71','1453066212-1.jpg','Google Chrome','2016-01-17 15:30:12'),('101','90.214.114.71','1453066286-1.jpg','Google Chrome','2016-01-17 15:31:26'),('102','90.214.114.71','1453066861-235x153.jpg','Google Chrome','2016-01-17 15:41:01'),('103','90.214.114.71','1453067158-2.jpg','Google Chrome','2016-01-17 15:45:58'),('104','90.214.114.71','1453067322-3.jpg','Google Chrome','2016-01-17 15:48:42'),('105','90.214.114.71','1453067454-order15514_7192__2_picture.jpg','Google Chrome','2016-01-17 15:50:54'),('106','90.214.114.71','1453068893-order15514_7192__3_picture.jpg','Google Chrome','2016-01-17 16:14:53'),('107','39.59.126.194','1453109550-1450460541-test.jpeg','Mozilla Firefox','2016-01-18 03:32:30'),('108','39.59.126.194','1453112520-1453067454-order15514_7192__2_picture.jpg','Mozilla Firefox','2016-01-18 04:22:00'),('109','182.186.40.59','1453141340-11086743_10204238915873032_633650138_o.jpg','Google Chrome','2016-01-18 12:22:20'),('110','182.186.40.59','1453141340-12208770_1713958762156794_486742727340759428_n.jpg','Google Chrome','2016-01-18 12:22:20'),('111','182.186.40.59','1453141340-hair care.png','Google Chrome','2016-01-18 12:22:20'),('112','43.245.8.129','1453144509-002.jpg','Google Chrome','2016-01-18 13:15:09'),('113','39.59.55.174','1453223732-1453066212-1.jpg','Mozilla Firefox','2016-01-19 11:15:32'),('114','117.102.35.154','1453308779-1453066861-235x153.jpg','Mozilla Firefox','2016-01-20 10:52:59'),('115','39.59.85.187','1453309485-1453066861-235x153.jpg','Mozilla Firefox','2016-01-20 11:04:45'),('116','90.193.166.199','1453324362-order15514_7192__1_picture.jpg','Google Chrome','2016-01-20 15:12:42'),('117','90.193.166.199','1453324415-order15514_7192__4_picture.jpg','Google Chrome','2016-01-20 15:13:35'),('118','90.193.166.199','1453326015-order15514_7192__3_picture.jpg','Google Chrome','2016-01-20 15:40:15'),('119','117.102.35.154','1453372136-1453112177-1453068893-order15514_7192__3_picture.jpg','Mozilla Firefox','2016-01-21 04:28:56'),('120','182.189.127.2','1453390942-frontpage.png','Mozilla Firefox','2016-01-21 09:42:22'),('121','39.59.111.51','1453392757-1451995197-a.jpeg','Mozilla Firefox','2016-01-21 10:12:37'),('122','39.59.111.51','1453392779-1451995196-1451896309-267x200-1.jpeg','Mozilla Firefox','2016-01-21 10:12:59'),('123','39.59.111.51','1453392781-1451995196-1451895881-2-100x151.jpeg','Mozilla Firefox','2016-01-21 10:13:01'),('124','90.194.183.198','1453452023-4a-100x151.JPG','Unknown','2016-01-22 02:40:23'),('125','90.194.183.198','1453452025-2a-100x151.jpeg','Unknown','2016-01-22 02:40:25'),('126','90.194.183.198','1453452034-1452374347-452.88-297.94.jpg','Unknown','2016-01-22 02:40:34'),('127','90.194.183.198','1453452035-order15491_7159__picture.jpg','Unknown','2016-01-22 02:40:35'),('128','39.59.119.35','1453457297-1451561272-1451127849-4-157x157.jpeg','Mozilla Firefox','2016-01-22 04:08:17'),('129','39.59.119.35','1453457487-1451895881-2-100x151.jpeg','Mozilla Firefox','2016-01-22 04:11:27'),('130','39.59.119.35','1453457713-1453112177-1453067454-order15514_7192__2_picture.jpg','Mozilla Firefox','2016-01-22 04:15:13'),('131','39.59.90.80','1453485265-1451895881-2-100x151.jpeg','Mozilla Firefox','2016-01-22 11:54:25'),('133','90.194.144.96','1453532560-1-106x157.jpg','Google Chrome','2016-01-23 01:02:40'),('134','90.194.144.96','1453532618-order15519_7198__1_picture.jpg','Google Chrome','2016-01-23 01:03:38'),('135','90.194.144.96','1453532985-order15519_7198__2_picture.jpg','Google Chrome','2016-01-23 01:09:45'),('136','90.194.144.96','1453533173-12485921_10207182785181773_7017959134042194781_o.jpg','Google Chrome','2016-01-23 01:12:53'),('137','90.194.144.96','1453533301-5x7 print-7_0x5_0-04.jpg','Google Chrome','2016-01-23 01:15:01'),('138','90.194.144.96','1453536785-10x8 print-10_0x8_0-01.jpg','Google Chrome','2016-01-23 02:13:05'),('139','90.194.144.96','1453537200-9.jpg','Google Chrome','2016-01-23 02:20:01'),('140','39.59.39.189','1453712406-2-100x151.jpeg','Mozilla Firefox','2016-01-25 03:00:06'),('141','39.59.39.189','1453718184-1453066861-235x153.jpg','Mozilla Firefox','2016-01-25 04:36:24'),('142','39.59.39.189','1453718201-1451127482-6-157x157.jpeg','Mozilla Firefox','2016-01-25 04:36:41'),('143','117.102.38.219','1453741247-2-100x151.jpeg','Mozilla Firefox','2016-01-25 11:00:47'),('144','39.59.101.37','1453914206-2-100x151.jpeg','Mozilla Firefox','2016-01-27 11:03:26'),('145','39.59.2.115','1453997144-2-100x151.jpeg','Mozilla Firefox','2016-01-28 10:05:44'),('146','39.59.71.42','1454084611-1452163000-1452152919-order15472_7122__4_picture.jpg','Mozilla Firefox','2016-01-29 10:23:31'),('147','94.15.231.47','1454273322-1452374347-452.88-297.94.jpg','Google Chrome','2016-01-31 14:48:42'),('148','94.15.231.47','1454273328-3-100x151.jpeg','Google Chrome','2016-01-31 14:48:48'),('149','94.15.231.47','1454273329-order15491_7158__picture.jpg','Google Chrome','2016-01-31 14:48:49'),('150','94.15.231.47','1454273330-order15491_7157__picture.jpg','Google Chrome','2016-01-31 14:48:50'),('151','94.15.231.47','1454273330-2-100x151.JPG','Google Chrome','2016-01-31 14:48:50'),('152','94.15.231.47','1454273330-2a-100x151.jpeg','Google Chrome','2016-01-31 14:48:50'),('153','39.59.89.242','1454318671-1454273330-order15491_7157__picture.jpg','Mozilla Firefox','2016-02-01 03:24:31'),('154','39.59.89.242','1454318672-1454273329-order15491_7158__picture.jpg','Mozilla Firefox','2016-02-01 03:24:32'),('155','39.59.89.242','1454318674-1454273328-3-100x151.jpeg','Mozilla Firefox','2016-02-01 03:24:34'),('156','39.59.89.242','1454318681-1454273330-2-100x151.JPG','Mozilla Firefox','2016-02-01 03:24:41'),('157','39.59.89.242','1454318689-1454273330-2a-100x151.jpeg','Mozilla Firefox','2016-02-01 03:24:49'),('158','39.59.89.242','1454319064-1453533173-12485921_10207182785181773_7017959134042194781_o.jpg','Mozilla Firefox','2016-02-01 03:31:04'),('159','39.59.89.242','1454319094-1453533301-5x7 print-7_0x5_0-04.jpg','Mozilla Firefox','2016-02-01 03:31:34'),('160','39.59.89.242','1454319121-1453537200-9.jpg','Mozilla Firefox','2016-02-01 03:32:01'),('161','39.59.125.3','1454343812-1454273322-1452374347-452.88-297.94.jpg','Mozilla Firefox','2016-02-01 10:23:32'),('162','39.59.125.3','1454343831-1454273328-3-100x151.jpeg','Mozilla Firefox','2016-02-01 10:23:51'),('163','39.59.125.3','1454343833-1453532985-order15519_7198__2_picture.jpg','Mozilla Firefox','2016-02-01 10:23:53'),('164','39.59.125.53','1454429947-1451561272-1451127849-4-157x157.jpeg','Mozilla Firefox','2016-02-02 10:19:07'),('165','39.59.125.53','1454430033-1451895881-2-100x151.jpeg','Mozilla Firefox','2016-02-02 10:20:33'),('166','39.59.125.53','1454430133-1453112177-1453067454-order15514_7192__2_picture.jpg','Mozilla Firefox','2016-02-02 10:22:13'),('167','90.194.139.72','1454438959-5a-100x151.JPG','Google Chrome','2016-02-02 12:49:19'),('168','90.194.139.72','1454438959-1452374347-452.88-297.94.jpg','Google Chrome','2016-02-02 12:49:19'),('169','90.194.139.72','1454438967-order15491_7159__picture.jpg','Google Chrome','2016-02-02 12:49:27'),('170','90.194.139.72','1454438968-2a-100x151.jpeg','Google Chrome','2016-02-02 12:49:28'),('171','90.194.139.72','1454438974-order15491_7157__picture.jpg','Google Chrome','2016-02-02 12:49:34'),('172','90.194.139.72','1454438977-3-100x151.jpeg','Google Chrome','2016-02-02 12:49:37'),('173','90.194.139.72','1454438984-order15491_7158__picture.jpg','Google Chrome','2016-02-02 12:49:44'),('174','39.59.87.123','1454512476-1451995196-1451561272-1451127849-4-157x157.jpeg','Mozilla Firefox','2016-02-03 09:14:36'),('175','39.59.87.123','1454512501-1451895881-2-100x151.jpeg','Mozilla Firefox','2016-02-03 09:15:01'),('176','39.59.87.123','1454512588-1453112177-1453067454-order15514_7192__2_picture.jpg','Mozilla Firefox','2016-02-03 09:16:28'),('177','90.195.96.235','1454538533-4.jpeg','Google Chrome','2016-02-03 16:28:53'),('178','90.195.96.235','1454538615-6.jpeg','Google Chrome','2016-02-03 16:30:15'),('179','90.195.96.235','1454538616-2.jpeg','Google Chrome','2016-02-03 16:30:16'),('180','90.195.96.235','1454538616-15.jpeg','Google Chrome','2016-02-03 16:30:16'),('181','90.195.96.235','1454538622-7.jpeg','Google Chrome','2016-02-03 16:30:22'),('182','90.195.96.235','1454538676-13.jpeg','Google Chrome','2016-02-03 16:31:16'),('183','90.195.96.235','1454538697-10.jpeg','Google Chrome','2016-02-03 16:31:37'),('184','90.195.96.235','1454538702-11.jpeg','Google Chrome','2016-02-03 16:31:42'),('185','90.195.96.235','1454538704-14.jpeg','Google Chrome','2016-02-03 16:31:44'),('186','90.195.96.235','1454538712-5.jpeg','Google Chrome','2016-02-03 16:31:52'),('187','39.59.88.117','1454592169-1451561272-1451127849-4-157x157.jpeg','Mozilla Firefox','2016-02-04 07:22:49'),('188','39.59.88.117','1454592197-1451895881-2-100x151.jpeg','Mozilla Firefox','2016-02-04 07:23:17'),('189','39.59.88.117','1454592254-1453112177-1453067454-order15514_7192__2_picture.jpg','Mozilla Firefox','2016-02-04 07:24:14'),('190','176.249.67.38','1454619297-2-106x157.jpg','Google Chrome','2016-02-04 14:54:57'),('191','176.249.67.38','1454619315-4-106x157.jpg','Google Chrome','2016-02-04 14:55:15'),('192','176.249.67.38','1454619330-3-106x157.jpg','Google Chrome','2016-02-04 14:55:30'),('193','176.249.67.38','1454619343-1-106x157.jpg','Google Chrome','2016-02-04 14:55:43'),('194','176.249.67.38','1454619343-img234.jpg','Google Chrome','2016-02-04 14:55:43'),('195','176.249.67.38','1454619350-260x195.jpg','Google Chrome','2016-02-04 14:55:50'),('196','176.249.67.38','1454619356-260x195-1.jpg','Google Chrome','2016-02-04 14:55:56'),('197','176.249.67.38','1454619370-270x185.jpg','Google Chrome','2016-02-04 14:56:10'),('198','176.249.67.38','1454619399-281x354.jpg','Google Chrome','2016-02-04 14:56:39'),('199','176.249.67.38','1454619407-D.jpg','Google Chrome','2016-02-04 14:56:47'),('200','176.249.67.38','1454619412-C.jpg','Google Chrome','2016-02-04 14:56:52'),('201','176.249.67.38','1454621940-order15556_7250__2_picture.jpg','Google Chrome','2016-02-04 15:39:00'),('202','176.249.67.38','1454621941-order15557_7251__2_picture.jpg','Google Chrome','2016-02-04 15:39:01'),('203','176.249.67.38','1454621946-order15557_7251__3_picture.jpg','Google Chrome','2016-02-04 15:39:06'),('204','176.249.67.38','1454621946-order15556_7250__3_picture.jpg','Google Chrome','2016-02-04 15:39:06'),('205','176.249.67.38','1454621947-order15557_7251__1_picture.jpg','Google Chrome','2016-02-04 15:39:07'),('206','176.249.67.38','1454621949-order15556_7250__1_picture.jpg','Google Chrome','2016-02-04 15:39:09'),('207','39.59.45.82','1454946906-1451561272-1451127849-4-157x157.jpeg','Mozilla Firefox','2016-02-08 09:55:06'),('208','39.59.45.82','1454946946-1451895881-2-100x151.jpeg','Mozilla Firefox','2016-02-08 09:55:46'),('210','182.189.88.50','1455033628-1451895881-2-100x151.jpeg','Mozilla Firefox','2016-02-09 10:00:28'),('211','39.59.34.218','1455270175-1451561272-1451127849-4-157x157.jpeg','Mozilla Firefox','2016-02-12 03:42:55'),('212','39.59.34.218','1455270399-1451895881-2-100x151.jpeg','Mozilla Firefox','2016-02-12 03:46:39'),('213','39.59.34.218','1455270700-1453112177-1453067454-order15514_7192__2_picture.jpg','Mozilla Firefox','2016-02-12 03:51:40'),('214','39.59.47.20','1455274517-1451561272-1451127849-4-157x157.jpeg','Mozilla Firefox','2016-02-12 04:55:17'),('215','39.59.47.20','1455274593-1453112176-1453066212-1.jpg','Mozilla Firefox','2016-02-12 04:56:33'),('216','39.59.47.20','1455274731-1451895881-2-100x151.jpeg','Mozilla Firefox','2016-02-12 04:58:51'),('217','39.59.33.123','1455538792-1453112176-1453066286-1.jpg','Mozilla Firefox','2016-02-15 06:19:52'),('218','39.59.33.123','1455538796-1451561272-1451127849-4-157x157.jpeg','Mozilla Firefox','2016-02-15 06:19:56'),('219','39.59.33.123','1455538981-1453112177-1453067454-order15514_7192__2_picture.jpg','Mozilla Firefox','2016-02-15 06:23:01'),('220','117.102.38.106','1455798304-1451561272-1451127849-4-157x157.jpeg','Mozilla Firefox','2016-02-18 06:25:04'),('221','117.102.38.106','1455798321-1453112176-1453066212-1.jpg','Mozilla Firefox','2016-02-18 06:25:21'),('222','117.102.38.106','1455798444-1453112177-1453067454-order15514_7192__2_picture.jpg','Mozilla Firefox','2016-02-18 06:27:24'),('223','117.102.38.106','1455798492-1453112177-1453067454-order15514_7192__2_picture.jpg','Mozilla Firefox','2016-02-18 06:28:12'),('224','90.194.130.98','1455910495-16.jpeg','Google Chrome','2016-02-19 13:34:55'),('225','90.194.130.98','1455910507-4.jpeg','Google Chrome','2016-02-19 13:35:07'),('226','90.194.130.98','1455910515-1.jpeg','Google Chrome','2016-02-19 13:35:15'),('227','90.194.130.98','1455910568-8.jpeg','Google Chrome','2016-02-19 13:36:08'),('228','90.194.130.98','1455910586-3.jpeg','Google Chrome','2016-02-19 13:36:26'),('229','90.194.130.98','1455910597-2.jpeg','Google Chrome','2016-02-19 13:36:37'),('230','90.194.130.98','1455910622-9.jpeg','Google Chrome','2016-02-19 13:37:02'),('231','90.194.130.98','1455910632-6.jpeg','Google Chrome','2016-02-19 13:37:12'),('232','90.194.130.98','1455910647-7.jpeg','Google Chrome','2016-02-19 13:37:27'),('233','90.194.130.98','1455910689-5.jpeg','Google Chrome','2016-02-19 13:38:09'),('234','90.194.130.98','1455910707-13.jpeg','Google Chrome','2016-02-19 13:38:27'),('235','90.194.130.98','1455910707-12.jpeg','Google Chrome','2016-02-19 13:38:27'),('236','90.194.130.98','1455910722-11.jpeg','Google Chrome','2016-02-19 13:38:42'),('237','90.194.130.98','1455910732-10.jpeg','Google Chrome','2016-02-19 13:38:52'),('238','90.194.130.98','1455910737-14.jpeg','Google Chrome','2016-02-19 13:38:57'),('239','90.194.130.98','1455910745-15.jpeg','Google Chrome','2016-02-19 13:39:05'),('240','90.194.130.98','1455919280-2.jpeg','Google Chrome','2016-02-19 16:01:20'),('241','90.194.175.163','1456097135-11.jpg','Google Chrome','2016-02-21 17:25:35'),('242','90.194.175.163','1456097140-4.jpg','Google Chrome','2016-02-21 17:25:40'),('243','176.250.100.55','1456230118-15.jpg','Google Chrome','2016-02-23 06:21:58'),('244','86.25.150.75','1456256203-IMG-20150627-WA0001.jpeg','Mozilla Firefox','2016-02-23 13:36:43'),('245','86.25.150.75','1456256226-janes-garden.jpg','Mozilla Firefox','2016-02-23 13:37:06'),('246','86.25.150.75','1456256269-Snow_Mountains_Japan_2006_001.jpg','Mozilla Firefox','2016-02-23 13:37:49'),('247','90.219.128.243','1456862721-3.jpg','Google Chrome','2016-03-01 14:05:21'),('248','90.219.128.243','1456862739-7.jpg','Google Chrome','2016-03-01 14:05:40'),('249','90.219.128.243','1456862771-6.jpg','Google Chrome','2016-03-01 14:06:11'),('250','90.219.128.243','1456862780-4.jpg','Google Chrome','2016-03-01 14:06:20'),('251','90.219.128.243','1456862781-27.jpg','Google Chrome','2016-03-01 14:06:21'),('252','90.219.128.243','1456862818-2.jpg','Google Chrome','2016-03-01 14:06:58'),('253','90.219.128.243','1456863032-11.jpg','Google Chrome','2016-03-01 14:10:32'),('254','90.219.128.243','1456863037-9.jpg','Google Chrome','2016-03-01 14:10:37'),('255','90.219.128.243','1456863085-13.jpg','Google Chrome','2016-03-01 14:11:25'),('256','90.219.128.243','1456863112-15.jpg','Google Chrome','2016-03-01 14:11:52'),('257','90.219.128.243','1456863146-19 (2).jpg','Google Chrome','2016-03-01 14:12:26'),('258','182.178.222.169','1457031463-Chrysanthemum.jpg','Google Chrome','2016-03-03 12:57:43'),('259','110.36.216.234','1457032253-Hydrangeas.jpg','Google Chrome','2016-03-03 13:10:53'),('263','39.33.252.215','1459411652-6Bz1O.jpg','Google Chrome','2016-03-31 03:07:32'),('264','39.33.252.215','1459411692-72fb3e48e52aa238c41fcab248367fcd.jpg','Google Chrome','2016-03-31 03:08:12'),('265','39.33.252.215','1459411712-63b95960fb8dc33f62f228d90de69d7c.jpg','Google Chrome','2016-03-31 03:08:32'),('266','176.252.110.100','1459582085-3-155x155.JPG','Google Chrome','2016-04-02 02:28:05'),('267','176.252.110.100','1459582097-2-155x155.JPG','Google Chrome','2016-04-02 02:28:17'),('268','176.252.110.100','1459582100-1-155x155.jpeg','Google Chrome','2016-04-02 02:28:20'),('269','176.252.110.100','1459582133-180x272.jpeg','Google Chrome','2016-04-02 02:28:53'),('270','176.252.110.100','1459582144-1-157x208.jpeg','Google Chrome','2016-04-02 02:29:04'),('271','176.252.110.100','1459582148-2-157x208.jpeg','Google Chrome','2016-04-02 02:29:08'),('272','176.252.110.100','1459582198-3-157x208.jpeg','Google Chrome','2016-04-02 02:29:58'),('273','176.252.110.100','1459582220-292x195.jpeg','Google Chrome','2016-04-02 02:30:20'),('274','176.252.110.100','1459583488-195x292.jpeg','Google Chrome','2016-04-02 02:51:29'),('275','176.252.110.100','1459583628-195x292.jpeg','Google Chrome','2016-04-02 02:53:48'),('276','176.252.110.100','1459584696-order15629_7333__1_picture.jpg','Google Chrome','2016-04-02 03:11:36'),('277','176.252.110.100','1459586760-500x333.jpeg','Google Chrome','2016-04-02 03:46:00'),('291','110.36.177.8','1459857200-1459582085-3-155x155.JPG','Mozilla Firefox','2016-04-05 06:53:20'),('292','110.36.177.8','1459857205-1459582100-1-155x155.jpeg','Mozilla Firefox','2016-04-05 06:53:25'),('293','110.36.177.8','1459857206-1459582133-180x272.jpeg','Mozilla Firefox','2016-04-05 06:53:26'),('294','110.36.177.8','1459857229-1459582148-2-157x208.jpeg','Mozilla Firefox','2016-04-05 06:53:49'),('295','110.36.177.8','1459857270-1459582220-292x195.jpeg','Mozilla Firefox','2016-04-05 06:54:30'),('296','90.195.118.88','1459933286-195x292.jpeg','Mozilla Firefox','2016-04-06 04:01:26'),('297','90.195.118.88','1459933303-order15629_7333__1_picture.jpg','Mozilla Firefox','2016-04-06 04:01:43'),('298','110.36.177.8','1459944511-1459933286-195x292.jpeg','Google Chrome','2016-04-06 07:08:31'),('299','110.36.177.8','1459944888-1459933303-order15629_7333__1_picture.jpg','Google Chrome','2016-04-06 07:14:48'),('300','110.36.177.8','1459945629-1459933303-order15629_7333__1_picture.jpg','Google Chrome','2016-04-06 07:27:09'),('301','182.178.251.182','1460007559-download.jpg','Google Chrome','2016-04-07 00:39:19');

/*Table structure for table `frames` */

DROP TABLE IF EXISTS `frames`;

CREATE TABLE `frames` (
  `frame_id` int(11) NOT NULL AUTO_INCREMENT,
  `frame_name` varchar(255) DEFAULT NULL,
  `frame_width` int(11) DEFAULT NULL,
  `frame_height` int(11) DEFAULT NULL,
  `frame_num_image` int(11) DEFAULT NULL,
  `frames_category_id` int(11) NOT NULL,
  PRIMARY KEY (`frame_id`)
) ENGINE=InnoDB AUTO_INCREMENT=99 DEFAULT CHARSET=latin1;

/*Data for the table `frames` */

insert  into `frames`(`frame_id`,`frame_name`,`frame_width`,`frame_height`,`frame_num_image`,`frames_category_id`) values ('1','Baby Boy','7913','3543','3','16'),('2','Three Vertical','4488','8268','3','1'),('3','Three Horizontal','8268','2480','3','1'),('4','Four Horizantal','8150','5787','4','2'),('5','4 Landscape Line','3425','8150','4','2'),('6','4 Apertures Mixed Shapes','6319','6024','4','2'),('7','4 Mixed Apertures','4724','4724','4','2'),('8','3 Mixed Sizes','4488','4488','3','1'),('9','3 Mixed','5994','4488','3','1'),('10','3 Landscape','8268','2480','3','1'),('11','3 Square','8268','3307','3','1'),('12','4 Mixed','4902','4370','4','2'),('13','4 Portrait','8150','3425','4','2'),('14','4 Portraits','5787','8150','4','2'),('15','4-apertures-mixed','6319','6024','4','2'),('16','5 Apertures Mixed Shapes','6319','6024','5','3'),('17','4 Square','5787','5787','4','2'),('18','5 Apertures','6024','6319','5','3'),('19','5 Portrait Line','9980','3425','5','3'),('20','5 Landscape Line','3425','9980','5','3'),('21','6 Landscape','6024','6319','6','4'),('22','5 Mixed','4724','4724','5','3'),('23','6 Apertures Mixed Upright','4370','6732','6','4'),('24','6 Apertures Mixed','6732','4370','6','4'),('25','6 Mixed Apertures Upright','4370','6732','6','4'),('26','6 Mixed Apertures','6732','4370','6','4'),('27','6 Portrait','6319','6024','6','4'),('28','6 Square','4724','4724','6','4'),('29','7 Apertures Mixed Sizes Upright','6969','9449','7','5'),('30','7 Apertures Mixed Sizes','9449','6969','7','5'),('31','7 Apertures Upright','4370','6732','7','5'),('32','7 Apertures','6732','4370','7','5'),('33','7 Mixed Apertures','7087','6496','7','5'),('34','7 Mixed Apertures-1','6496','7087','7','5'),('35','7 Square Upright','4370','5551','7','5'),('36','7 Square','5551','4370','7','5'),('37','8 Apertures Mixed','7087','6496','8','6'),('38','8 Apertures','8268','4724','8','6'),('39','9 Apertures Mixed','7087','6496','9','7'),('40','9 Aperture-1-Upright','6969','9449','9','7'),('41','9 Aperture-1','9449','6969','9','7'),('42','9 Apertures Mixed-1','6496','7087','9','7'),('43','9 Square','6496','6496','9','7'),('44','9 Apertures','7087','6496','9','7'),('45','10 Apertures Mixed Sizes Upright','4724','8386','10','8'),('46','10 Apertures Mixed Upright','6969','9449','10','8'),('47','10 Apertures Mixed','9449','6969','10','8'),('48','10 Apertures Upright','4606','8504','10','8'),('49','10 Apertures','8268','4724','10','8'),('50','10 Apertures','8504','4606','10','8'),('51','10 Mixed Apertures Upright','4606','8504','10','8'),('52','10 Mixed Apertures','8504','4606','10','8'),('53','12-apertures-upright','4606','8504','12','10'),('54','12 apertures','8504','4606','12','10'),('55','12 aperture same size upright','4724','8386','12','10'),('56','11-apertures-mixed','7087','6496','11','9'),('57','11-apertures-mixed-1','6496','7087','11','9'),('58','11-apertures','8386','8386','11','9'),('59','13-square','8386','8386','13','11'),('60','5669','5669','5669','13','11'),('61','14 apertures','8504','4606','14','12'),('62','14 apertures upright','4606','8504','14','12'),('63','16-apertures-mixed-upright','6381','8268','16','13'),('64','16 apertures mixed','6381','8268','16','13'),('65','16-apertures-upright','8150','9685','16','13'),('66','16-apertures-saqure','8386','8386','16','13'),('67','18-apertures-upright','6381','8268','18','14'),('68','20-rectangle','10276','8268','20','15'),('69','20 square','7323','6054','20','15'),('70','20 rectangle upright','6024','10276','20','15'),('71','18 apertures','8268','6381','18','14'),('72','25 saqure','7323','7323','25','20'),('73','20 saqure upright','6024','7323','20','15'),('74','1st aniveriry','5787','5787','20','18'),('75','our baby','5787','5787','4','18'),('76','our baby_girl','5787','5787','4','18'),('77','our cat','5787','5787','4','18'),('78','our dog','5787','5787','4','18'),('79','our family','5787','5787','4','18'),('80','our family','5787','5787','4','18'),('81','the grand  children','5787','5787','4','18'),('82','the kids','5787','5787','4','18'),('83','25 weeding anniversary','6260','3307','2','17'),('84','30 weeding anniversary','6260','3307','2','17'),('85','50 weeding anniversary','6260','3307','2','17'),('86','40 weeding anniversary','6260','3307','2','17'),('87','Dream Big Little One','6260','3307','2','16'),('88','I thought of you with love today','6260','3307','2','19'),('89','If we could have a lifetime wish','6260','3307','2','19'),('90','twinkle','6260','3307','2','16'),('91','You never said I\'m leaving','6260','3307','2','19'),('92','You asked','6260','3307','2','19'),('93','Donot stand ','6260','3307','2','19'),('94','When tomorrow starts without me','6260','3307','2','19'),('95','If tears could build a stairway boy version','5787','3898','1','19'),('96','If tears could build a stairway boy version','5787','3898','1','19'),('97','Baby Boy','7913','3543','3','16');

/*Table structure for table `frames_category` */

DROP TABLE IF EXISTS `frames_category`;

CREATE TABLE `frames_category` (
  `frames_category_id` int(11) NOT NULL AUTO_INCREMENT,
  `name` longtext COLLATE utf8_unicode_ci NOT NULL,
  `status` int(11) NOT NULL,
  PRIMARY KEY (`frames_category_id`)
) ENGINE=MyISAM AUTO_INCREMENT=20 DEFAULT CHARSET=utf8 COLLATE=utf8_unicode_ci;

/*Data for the table `frames_category` */

insert  into `frames_category`(`frames_category_id`,`name`,`status`) values ('1','3 Apertures','1'),('2','4 Apertures','1'),('3','5 Apertures','1'),('4','6 Apertures','1'),('5','7 Apertures','1'),('6','8 Apertures','1'),('7','9 Apertures','1'),('8','10 Apertures','1'),('9','11 Apertures','1'),('10','12 Apertures','1'),('11','13 Apertures','1'),('12','14 Apertures','1'),('13','16 Apertures','1'),('14','18 Apertures','1'),('15','20 Apertures','1'),('16','Babies','1'),('17','Wedding Anniversaries','1'),('18','Family & Pets','1'),('19','Rememberance','1');

/*!40101 SET SQL_MODE=@OLD_SQL_MODE */;
/*!40014 SET FOREIGN_KEY_CHECKS=@OLD_FOREIGN_KEY_CHECKS */;
/*!40014 SET UNIQUE_CHECKS=@OLD_UNIQUE_CHECKS */;
/*!40111 SET SQL_NOTES=@OLD_SQL_NOTES */;
